{
  "metadata": {
    "model_path": "models/basic_shapes/cube.obj",
    "resolution": 20,
    "voxelizer_mode": "legacy",
    "export_mode": "voxel-surface",
    "timestamp": "2026-03-05T00:07:23.864306Z"
  },
  "layer_series": {
    "filled_voxels": [400,400,400,400,400,400,400,400,400,400,400,400,400,400,400,400,400,400,400,400],
    "surface_voxels": [400,76,76,76,76,76,76,76,76,76,76,76,76,76,76,76,76,76,76,400],
    "delta": [324,0,0,0,0,0,0,0,0,0,0,0,0,0,0,0,0,0,-324]
  },
  "delta_stats": {
    "mean": 0.00000000,
    "stddev": 105.11948089,
    "min": -324,
    "max": 324,
    "coefficient_of_variation": 0.00000000
  },
  "jump_severity": {
    "largest_abs_jump": 324,
    "large_jump_threshold": 10,
    "large_jump_count": 2
  },
  "plateaus": {
    "repeated_adjacent_layers": 17,
    "longest_plateau_length": 18
  },
  "symmetry_mismatch": {
    "x_overall": 0,
    "y_overall": 0,
    "z_overall": 0,
    "x_per_layer": [0,0,0,0,0,0,0,0,0,0,0,0,0,0,0,0,0,0,0,0],
    "y_per_layer": [0,0,0,0,0,0,0,0,0,0,0,0,0,0,0,0,0,0,0,0],
    "z_per_layer": [0,0,0,0,0,0,0,0,0,0,0,0,0,0,0,0,0,0,0,0]
  },
  "connectivity": {
    "overall_filled_components": 1,
    "overall_surface_components": 1,
    "filled_components_per_layer": [1,1,1,1,1,1,1,1,1,1,1,1,1,1,1,1,1,1,1,1],
    "surface_components_per_layer": [1,1,1,1,1,1,1,1,1,1,1,1,1,1,1,1,1,1,1,1]
  }
}
